<?xml version="1.0" encoding="utf-8"?>
<ModelInformation Version="1.0">
  <Model>
    <P Name="SavedCharacterEncoding"></P>
    <Object PropName="HDLParams" ObjectID="1" ClassName="slprops.hdlmdlprops">
      <Array PropName="mdlProps" Type="Cell" Dimension="1*2">
        <Cell Class="char">HDLSubsystem</Cell>
        <Cell Class="char">untitled1</Cell>
      </Array>
    </Object>
    <P Name="ScopeRefreshTime">0.035000</P>
    <P Name="OverrideScopeRefreshTime">on</P>
    <P Name="DisableAllScopes">on</P>
    <P Name="DataTypeOverride">UseLocalSettings</P>
    <P Name="DataTypeOverrideAppliesTo">AllNumericTypes</P>
    <P Name="MinMaxOverflowLogging">UseLocalSettings</P>
    <P Name="MinMaxOverflowArchiveMode">Overwrite</P>
    <P Name="FPTRunName">Run 1</P>
    <P Name="MaxMDLFileLineLength">120</P>
    <Object PropName="BdWindowsInfo" ObjectID="2" ClassName="Simulink.BDWindowsInfo">
      <Object PropName="WindowsInfo" ObjectID="3" ClassName="Simulink.WindowInfo">
        <P Name="IsActive" Class="logical">1</P>
        <P Name="Location" Class="double">[513.0, 129.0, 820.0, 548.0]</P>
        <Object PropName="ModelBrowserInfo" ObjectID="4" ClassName="Simulink.ModelBrowserInfo">
          <P Name="Visible" Class="logical">0</P>
          <P Name="DockPosition" Class="char">Left</P>
          <P Name="Width" Class="int32">50</P>
          <P Name="Height" Class="int32">50</P>
          <P Name="Filter" Class="int32">8</P>
        </Object>
        <Object PropName="ExplorerBarInfo" ObjectID="5" ClassName="Simulink.ExplorerBarInfo">
          <P Name="Visible" Class="logical">0</P>
        </Object>
        <Object PropName="EditorsInfo" ObjectID="6" ClassName="Simulink.EditorInfo">
          <P Name="IsActive" Class="logical">1</P>
          <P Name="ViewObjType" Class="char">SimulinkTopLevel</P>
          <P Name="LoadSaveID" Class="char">0</P>
          <P Name="Extents" Class="double">[764.0, 387.0]</P>
          <P Name="ZoomFactor" Class="double">1.0</P>
          <P Name="Offset" Class="double">[0.0, 52.382800728082657]</P>
        </Object>
      </Object>
    </Object>
    <ConfigManagerSettings>
      <P Name="UpdateHistory">UpdateHistoryNever</P>
      <P Name="ModifiedByFormat">%&lt;Auto&gt;</P>
      <P Name="ModifiedDateFormat">%&lt;Auto&gt;</P>
      <P Name="RTWModifiedTimeStamp">394109926</P>
      <P Name="ModelVersionFormat">1.%&lt;AutoIncrement: 0 &gt;</P>
    </ConfigManagerSettings>
    <EditorSettings>
      <P Name="SampleTimeColors">off</P>
      <P Name="SampleTimeAnnotations">off</P>
      <P Name="LibraryLinkDisplay">disabled</P>
      <P Name="WideLines">off</P>
      <P Name="ShowLineDimensions">off</P>
      <P Name="ShowPortDataTypes">off</P>
      <P Name="ShowDesignRanges">off</P>
      <P Name="ShowLoopsOnError">on</P>
      <P Name="IgnoreBidirectionalLines">off</P>
      <P Name="ShowStorageClass">off</P>
      <P Name="ShowTestPointIcons">on</P>
      <P Name="ShowSignalResolutionIcons">on</P>
      <P Name="ShowViewerIcons">on</P>
      <P Name="SortedOrder">off</P>
      <P Name="ExecutionContextIcon">off</P>
      <P Name="ShowLinearizationAnnotations">on</P>
      <P Name="ShowMarkup">on</P>
      <P Name="BlockNameDataTip">off</P>
      <P Name="BlockParametersDataTip">off</P>
      <P Name="BlockDescriptionStringDataTip">off</P>
      <P Name="ToolBar">on</P>
      <P Name="StatusBar">on</P>
      <P Name="BrowserShowLibraryLinks">off</P>
      <P Name="BrowserLookUnderMasks">off</P>
    </EditorSettings>
    <SimulationSettings>
      <P Name="SimulationMode">normal</P>
      <P Name="PauseTimes">5</P>
      <P Name="NumberOfSteps">1</P>
      <P Name="SnapshotBufferSize">10</P>
      <P Name="SnapshotInterval">10</P>
      <P Name="NumberOfLastSnapshots">0</P>
      <P Name="LinearizationMsg">none</P>
      <P Name="Profile">off</P>
      <P Name="ParamWorkspaceSource">MATLABWorkspace</P>
      <P Name="AccelSystemTargetFile">accel.tlc</P>
      <P Name="AccelTemplateMakefile">accel_default_tmf</P>
      <P Name="AccelMakeCommand">make_rtw</P>
      <P Name="TryForcingSFcnDF">off</P>
      <Object PropName="DataLoggingOverride" ObjectID="7" ClassName="Simulink.SimulationData.ModelLoggingInfo">
        <P Name="model_" Class="char">untitled1</P>
        <P Name="overrideMode_" Class="uint32">0U</P>
        <Array PropName="logAsSpecifiedByModels_" Type="Cell" Dimension="1*1">
          <Cell Class="char">untitled1</Cell>
        </Array>
        <Array PropName="logAsSpecifiedByModelsSSIDs_" Type="Cell" Dimension="1*1">
          <Cell Class="double">[]</Cell>
        </Array>
      </Object>
    </SimulationSettings>
    <Verification>
      <P Name="RecordCoverage">off</P>
      <P Name="CovPath">/</P>
      <P Name="CovSaveName">covdata</P>
      <P Name="CovMetricSettings">dw</P>
      <P Name="CovNameIncrementing">off</P>
      <P Name="CovHtmlReporting">on</P>
      <P Name="CovForceBlockReductionOff">on</P>
      <P Name="CovEnableCumulative">on</P>
      <P Name="covSaveCumulativeToWorkspaceVar">on</P>
      <P Name="CovSaveSingleToWorkspaceVar">on</P>
      <P Name="CovCumulativeVarName">covCumulativeData</P>
      <P Name="CovCumulativeReport">off</P>
      <P Name="CovReportOnPause">on</P>
      <P Name="CovModelRefEnable">Off</P>
      <P Name="CovExternalEMLEnable">off</P>
      <P Name="CovSFcnEnable">on</P>
      <P Name="CovBoundaryAbsTol">0.000010</P>
      <P Name="CovBoundaryRelTol">0.010000</P>
      <P Name="CovUseTimeInterval">off</P>
      <P Name="CovStartTime">0</P>
      <P Name="CovStopTime">0</P>
    </Verification>
    <ExternalMode>
      <P Name="ExtModeBatchMode">off</P>
      <P Name="ExtModeEnableFloating">on</P>
      <P Name="ExtModeTrigType">manual</P>
      <P Name="ExtModeTrigMode">normal</P>
      <P Name="ExtModeTrigPort">1</P>
      <P Name="ExtModeTrigElement">any</P>
      <P Name="ExtModeTrigDuration">1000</P>
      <P Name="ExtModeTrigDurationFloating">auto</P>
      <P Name="ExtModeTrigHoldOff">0</P>
      <P Name="ExtModeTrigDelay">0</P>
      <P Name="ExtModeTrigDirection">rising</P>
      <P Name="ExtModeTrigLevel">0</P>
      <P Name="ExtModeArchiveMode">off</P>
      <P Name="ExtModeAutoIncOneShot">off</P>
      <P Name="ExtModeIncDirWhenArm">off</P>
      <P Name="ExtModeAddSuffixToVar">off</P>
      <P Name="ExtModeWriteAllDataToWs">off</P>
      <P Name="ExtModeArmWhenConnect">on</P>
      <P Name="ExtModeSkipDownloadWhenConnect">off</P>
      <P Name="ExtModeLogAll">on</P>
      <P Name="ExtModeAutoUpdateStatusClock">on</P>
    </ExternalMode>
    <ModelReferenceSettings>
      <P Name="ShowModelReferenceBlockVersion">off</P>
      <P Name="ShowModelReferenceBlockIO">off</P>
    </ModelReferenceSettings>
    <ConcurrentExecutionSettings>
      <Object PropName="DataTransfer" ObjectID="8" ClassName="Simulink.GlobalDataTransfer">
        <P Name="DefaultTransitionBetweenSyncTasks" Class="char">Ensure deterministic transfer (maximum delay)</P>
        <P Name="DefaultTransitionBetweenAsyncTasks" Class="char">Ensure data integrity only</P>
        <P Name="DefaultTransitionBetweenContTasks" Class="char">Ensure deterministic transfer (minimum delay)</P>
        <P Name="DefaultExtrapolationMethodBetweenContTasks" Class="char">None</P>
        <P Name="AutoInsertRateTranBlk" Class="logical">0</P>
      </Object>
      <P Name="ExplicitPartitioning">off</P>
    </ConcurrentExecutionSettings>
    <SystemDefaults>
      <P Name="PaperOrientation">landscape</P>
      <P Name="PaperPositionMode">auto</P>
      <P Name="PaperType">usletter</P>
      <P Name="PaperUnits">inches</P>
      <P Name="TiledPaperMargins">[0.500000, 0.500000, 0.500000, 0.500000]</P>
      <P Name="TiledPageScale">1</P>
      <P Name="ShowPageBoundaries">off</P>
      <P Name="ModelBrowserVisibility">off</P>
      <P Name="ModelBrowserWidth">200</P>
      <P Name="ScreenColor">white</P>
    </SystemDefaults>
    <BlockDefaults>
      <P Name="ForegroundColor">black</P>
      <P Name="BackgroundColor">white</P>
      <P Name="DropShadow">off</P>
      <P Name="NamePlacement">normal</P>
      <P Name="FontName">Helvetica</P>
      <P Name="FontSize">10</P>
      <P Name="FontWeight">normal</P>
      <P Name="FontAngle">normal</P>
      <P Name="ShowName">on</P>
      <P Name="BlockRotation">0</P>
      <P Name="BlockMirror">off</P>
    </BlockDefaults>
    <AnnotationDefaults>
      <P Name="HorizontalAlignment">center</P>
      <P Name="VerticalAlignment">middle</P>
      <P Name="ForegroundColor">black</P>
      <P Name="BackgroundColor">white</P>
      <P Name="DropShadow">off</P>
      <P Name="FontName">Helvetica</P>
      <P Name="FontSize">10</P>
      <P Name="FontWeight">normal</P>
      <P Name="FontAngle">normal</P>
      <P Name="UseDisplayTextAsClickCallback">off</P>
    </AnnotationDefaults>
    <LineDefaults>
      <P Name="FontName">Helvetica</P>
      <P Name="FontSize">9</P>
      <P Name="FontWeight">normal</P>
      <P Name="FontAngle">normal</P>
    </LineDefaults>
    <MaskDefaults>
      <P Name="SelfModifiable">off</P>
      <P Name="IconFrame">on</P>
      <P Name="IconOpaque">on</P>
      <P Name="RunInitForIconRedraw">off</P>
      <P Name="IconRotate">none</P>
      <P Name="PortRotate">default</P>
      <P Name="IconUnits">autoscale</P>
    </MaskDefaults>
    <MaskParameterDefaults>
      <P Name="Evaluate">on</P>
      <P Name="Tunable">on</P>
      <P Name="NeverSave">off</P>
      <P Name="Internal">off</P>
      <P Name="ReadOnly">off</P>
      <P Name="Enabled">on</P>
      <P Name="Visible">on</P>
      <P Name="ToolTip">on</P>
    </MaskParameterDefaults>
    <BlockParameterDefaults>
      <Block BlockType="Delay">
        <P Name="DelayLengthSource">Dialog</P>
        <P Name="DelayLength">2</P>
        <P Name="DelayLengthUpperLimit">100</P>
        <P Name="InitialConditionSource">Dialog</P>
        <P Name="InitialCondition">0.0</P>
        <P Name="ExternalReset">None</P>
        <P Name="ShowEnablePort">off</P>
        <P Name="PreventDirectFeedthrough">off</P>
        <P Name="DiagnosticForOutOfRangeDelayLength">None</P>
        <P Name="RemoveProtectionDelayLength">off</P>
        <P Name="InputProcessing">Elements as channels (sample based)</P>
        <P Name="UseCircularBuffer">off</P>
        <P Name="SampleTime">-1</P>
        <P Name="StateMustResolveToSignalObject">off</P>
        <P Name="CodeGenStateStorageClass">Auto</P>
      </Block>
      <Block BlockType="DiscreteTransferFcn">
        <P Name="NumeratorSource">Dialog</P>
        <P Name="Numerator">[1]</P>
        <P Name="DenominatorSource">Dialog</P>
        <P Name="Denominator">[1 0.5]</P>
        <P Name="InitialStatesSource">Dialog</P>
        <P Name="InitialStates">0</P>
        <P Name="InputProcessing">Elements as channels (sample based)</P>
        <P Name="ExternalReset">None</P>
        <P Name="InitialDenominatorStates">0</P>
        <P Name="FilterStructure">Direct form II</P>
        <P Name="SampleTime">-1</P>
        <P Name="a0EqualsOne">off</P>
        <P Name="NumCoefMin">[]</P>
        <P Name="NumCoefMax">[]</P>
        <P Name="DenCoefMin">[]</P>
        <P Name="DenCoefMax">[]</P>
        <P Name="OutMin">[]</P>
        <P Name="OutMax">[]</P>
        <P Name="StateDataTypeStr">Inherit: Same as input</P>
        <P Name="MultiplicandDataTypeStr">Inherit: Same as input</P>
        <P Name="NumCoefDataTypeStr">Inherit: Inherit via internal rule</P>
        <P Name="DenCoefDataTypeStr">Inherit: Inherit via internal rule</P>
        <P Name="NumProductDataTypeStr">Inherit: Inherit via internal rule</P>
        <P Name="DenProductDataTypeStr">Inherit: Inherit via internal rule</P>
        <P Name="NumAccumDataTypeStr">Inherit: Inherit via internal rule</P>
        <P Name="DenAccumDataTypeStr">Inherit: Inherit via internal rule</P>
        <P Name="OutDataTypeStr">Inherit: Inherit via internal rule</P>
        <P Name="LockScale">off</P>
        <P Name="RndMeth">Floor</P>
        <P Name="SaturateOnIntegerOverflow">off</P>
        <P Name="StateMustResolveToSignalObject">off</P>
        <P Name="RTWStateStorageClass">Auto</P>
      </Block>
      <Block BlockType="Gain">
        <P Name="Gain">1</P>
        <P Name="Multiplication">Element-wise(K.*u)</P>
        <P Name="ParamMin">[]</P>
        <P Name="ParamMax">[]</P>
        <P Name="ParamDataTypeStr">Inherit: Same as input</P>
        <P Name="OutMin">[]</P>
        <P Name="OutMax">[]</P>
        <P Name="OutDataTypeStr">Inherit: Same as input</P>
        <P Name="LockScale">off</P>
        <P Name="RndMeth">Floor</P>
        <P Name="SaturateOnIntegerOverflow">on</P>
        <P Name="SampleTime">-1</P>
      </Block>
      <Block BlockType="Mux">
        <P Name="Inputs">4</P>
        <P Name="DisplayOption">none</P>
        <P Name="UseBusObject">off</P>
        <P Name="BusObject">BusObject</P>
        <P Name="NonVirtualBus">off</P>
      </Block>
      <Block BlockType="Scope">
        <P Name="ModelBased">off</P>
        <P Name="TickLabels">OneTimeTick</P>
        <P Name="ZoomMode">on</P>
        <P Name="Grid">on</P>
        <P Name="ShowLegends">off</P>
        <P Name="TimeRange">auto</P>
        <P Name="YMin">-5</P>
        <P Name="YMax">5</P>
        <P Name="SaveToWorkspace">off</P>
        <P Name="SaveName">ScopeData</P>
        <P Name="DataFormat">Array</P>
        <P Name="LimitDataPoints">on</P>
        <P Name="MaxDataPoints">5000</P>
        <P Name="Decimation">1</P>
        <P Name="SampleInput">off</P>
        <P Name="SampleTime">-1</P>
        <P Name="ScrollMode">off</P>
      </Block>
      <Block BlockType="Step">
        <P Name="Time">1</P>
        <P Name="Before">0</P>
        <P Name="After">1</P>
        <P Name="SampleTime">-1</P>
        <P Name="VectorParams1D">on</P>
        <P Name="ZeroCross">on</P>
      </Block>
      <Block BlockType="Sum">
        <P Name="IconShape">rectangular</P>
        <P Name="Inputs">++</P>
        <P Name="CollapseMode">All dimensions</P>
        <P Name="CollapseDim">1</P>
        <P Name="InputSameDT">on</P>
        <P Name="AccumDataTypeStr">Inherit: Inherit via internal rule</P>
        <P Name="OutMin">[]</P>
        <P Name="OutMax">[]</P>
        <P Name="OutDataTypeStr">Inherit: Same as first input</P>
        <P Name="LockScale">off</P>
        <P Name="RndMeth">Floor</P>
        <P Name="SaturateOnIntegerOverflow">on</P>
        <P Name="SampleTime">-1</P>
      </Block>
    </BlockParameterDefaults>
    <System>
      <P Name="Location">[513, 129, 1333, 677]</P>
      <P Name="Open">on</P>
      <P Name="TiledPaperMargins">[0.500000, 0.500000, 0.500000, 0.500000]</P>
      <P Name="ZoomFactor">100</P>
      <P Name="ReportName">simulink-default.rpt</P>
      <P Name="SIDHighWatermark">21</P>
      <Block BlockType="Delay" Name="Delay" SID="9">
        <P Name="Ports">[1, 1]</P>
        <P Name="Position">[25, 338, 60, 372]</P>
        <P Name="ZOrder">14</P>
        <P Name="InputPortMap">u0</P>
      </Block>
      <Block BlockType="Delay" Name="Delay1" SID="12">
        <P Name="Ports">[1, 1]</P>
        <P Name="Position">[80, 303, 115, 337]</P>
        <P Name="ZOrder">17</P>
        <P Name="InputPortMap">u0</P>
      </Block>
      <Block BlockType="Delay" Name="Delay2" SID="13">
        <P Name="Ports">[1, 1]</P>
        <P Name="Position">[80, 233, 115, 267]</P>
        <P Name="ZOrder">18</P>
        <P Name="InputPortMap">u0</P>
        <P Name="DelayLength">1</P>
      </Block>
      <Block BlockType="Delay" Name="Delay3" SID="20">
        <P Name="Ports">[1, 1]</P>
        <P Name="Position">[425, 268, 460, 302]</P>
        <P Name="ZOrder">25</P>
        <P Name="InputPortMap">u0</P>
        <P Name="DelayLength">1</P>
      </Block>
      <Block BlockType="Delay" Name="Delay4" SID="21">
        <P Name="Ports">[1, 1]</P>
        <P Name="Position">[425, 333, 460, 367]</P>
        <P Name="ZOrder">26</P>
        <P Name="InputPortMap">u0</P>
      </Block>
      <Block BlockType="DiscreteTransferFcn" Name="Discrete&#xA;Transfer Fcn1" SID="6">
        <P Name="Ports">[1, 1]</P>
        <P Name="Position">[160, 17, 220, 53]</P>
        <P Name="ZOrder">11</P>
        <P Name="InputPortMap">u0</P>
        <P Name="Numerator">[1 -.214]</P>
        <P Name="Denominator">[1 -.607]</P>
        <P Name="SampleTime">.01</P>
      </Block>
      <Block BlockType="DiscreteTransferFcn" Name="Discrete&#xA;Transfer Fcn2" SID="7">
        <P Name="Ports">[1, 1]</P>
        <P Name="Position">[285, 107, 345, 143]</P>
        <P Name="ZOrder">12</P>
        <P Name="InputPortMap">u0</P>
        <P Name="Numerator">[.5 .25]</P>
        <P Name="Denominator">[1 -.5 .7]</P>
        <P Name="SampleTime">.01</P>
      </Block>
      <Block BlockType="DiscreteTransferFcn" Name="Discrete&#xA;Transfer Fcn3" SID="8">
        <P Name="Ports">[1, 1]</P>
        <P Name="Position">[400, 107, 460, 143]</P>
        <P Name="ZOrder">13</P>
        <P Name="InputPortMap">u0</P>
        <P Name="Numerator">1</P>
        <P Name="Denominator">1</P>
      </Block>
      <Block BlockType="Gain" Name="Gain" SID="14">
        <P Name="Position">[115, 355, 145, 385]</P>
        <P Name="ZOrder">19</P>
        <P Name="ParamDataTypeStr">Inherit: Inherit via internal rule</P>
        <P Name="OutDataTypeStr">Inherit: Inherit via internal rule</P>
        <P Name="SaturateOnIntegerOverflow">off</P>
      </Block>
      <Block BlockType="Gain" Name="Gain1" SID="15">
        <P Name="Position">[170, 235, 200, 265]</P>
        <P Name="ZOrder">20</P>
        <P Name="Gain">.5</P>
        <P Name="ParamDataTypeStr">Inherit: Inherit via internal rule</P>
        <P Name="OutDataTypeStr">Inherit: Inherit via internal rule</P>
        <P Name="SaturateOnIntegerOverflow">off</P>
      </Block>
      <Block BlockType="Gain" Name="Gain2" SID="16">
        <P Name="Position">[170, 295, 200, 325]</P>
        <P Name="ZOrder">21</P>
        <P Name="Gain">.25</P>
        <P Name="ParamDataTypeStr">Inherit: Inherit via internal rule</P>
        <P Name="OutDataTypeStr">Inherit: Inherit via internal rule</P>
        <P Name="SaturateOnIntegerOverflow">off</P>
      </Block>
      <Block BlockType="Gain" Name="Gain3" SID="17">
        <P Name="Position">[490, 270, 520, 300]</P>
        <P Name="ZOrder">22</P>
        <P Name="Gain">-.5</P>
        <P Name="ParamDataTypeStr">Inherit: Inherit via internal rule</P>
        <P Name="OutDataTypeStr">Inherit: Inherit via internal rule</P>
        <P Name="SaturateOnIntegerOverflow">off</P>
      </Block>
      <Block BlockType="Gain" Name="Gain4" SID="18">
        <P Name="Position">[490, 335, 520, 365]</P>
        <P Name="ZOrder">23</P>
        <P Name="Gain">.7</P>
        <P Name="ParamDataTypeStr">Inherit: Inherit via internal rule</P>
        <P Name="OutDataTypeStr">Inherit: Inherit via internal rule</P>
        <P Name="SaturateOnIntegerOverflow">off</P>
      </Block>
      <Block BlockType="Mux" Name="Mux" SID="2">
        <P Name="Ports">[2, 1]</P>
        <P Name="Position">[610, 151, 615, 189]</P>
        <P Name="ZOrder">8</P>
        <P Name="ShowName">off</P>
        <P Name="Inputs">2</P>
        <P Name="DisplayOption">bar</P>
      </Block>
      <Block BlockType="Scope" Name="Scope" SID="3">
        <P Name="Ports">[1]</P>
        <P Name="Position">[655, 154, 685, 186]</P>
        <P Name="ZOrder">7</P>
        <P Name="Floating">off</P>
        <P Name="Location">[188, 365, 512, 604]</P>
        <P Name="Open">on</P>
        <P Name="NumInputPorts">1</P>
        <List ListType="AxesTitles">
          <P Name="axes1">%&lt;SignalLabel&gt;</P>
        </List>
        <List ListType="ScopeGraphics">
          <P Name="FigureColor">[0.5 0.5 0.5]</P>
          <P Name="AxesColor">[0 0 0]</P>
          <P Name="AxesTickColor">[1 1 1]</P>
          <P Name="LineColors">[1 1 0;1 0 1;0 1 1;1 0 0;0 1 0;0 0 1]</P>
          <P Name="LineStyles">-|-|-|-|-|-</P>
          <P Name="LineWidths">[0.5 0.5 0.5 0.5 0.5 0.5]</P>
          <P Name="MarkerStyles">none|none|none|none|none|none</P>
        </List>
      </Block>
      <Block BlockType="Step" Name="Step" SID="1">
        <P Name="Position">[95, 110, 125, 140]</P>
        <P Name="ZOrder">5</P>
        <P Name="Time">0</P>
        <P Name="SampleTime">0</P>
      </Block>
      <Block BlockType="Sum" Name="Sum" SID="4">
        <P Name="Ports">[2, 1]</P>
        <P Name="Position">[200, 115, 220, 135]</P>
        <P Name="ZOrder">9</P>
        <P Name="ShowName">off</P>
        <P Name="IconShape">round</P>
        <P Name="Inputs">|+-</P>
        <P Name="InputSameDT">off</P>
        <P Name="OutDataTypeStr">Inherit: Inherit via internal rule</P>
        <P Name="SaturateOnIntegerOverflow">off</P>
      </Block>
      <Block BlockType="Sum" Name="Sum1" SID="10">
        <P Name="Ports">[2, 1]</P>
        <P Name="Position">[260, 255, 280, 275]</P>
        <P Name="ZOrder">15</P>
        <P Name="ShowName">off</P>
        <P Name="IconShape">round</P>
        <P Name="Inputs">|++</P>
        <P Name="InputSameDT">off</P>
        <P Name="OutDataTypeStr">Inherit: Inherit via internal rule</P>
        <P Name="SaturateOnIntegerOverflow">off</P>
      </Block>
      <Block BlockType="Sum" Name="Sum2" SID="11">
        <P Name="Ports">[3, 1]</P>
        <P Name="Position">[345, 255, 375, 285]</P>
        <P Name="ZOrder">16</P>
        <P Name="ShowName">off</P>
        <P Name="IconShape">round</P>
        <P Name="Inputs">||+|--</P>
        <P Name="InputSameDT">off</P>
        <P Name="OutDataTypeStr">Inherit: Inherit via internal rule</P>
        <P Name="SaturateOnIntegerOverflow">off</P>
      </Block>
      <Line>
        <P Name="ZOrder">1</P>
        <P Name="Src">2#out:1</P>
        <P Name="Dst">3#in:1</P>
      </Line>
      <Line>
        <P Name="ZOrder">14</P>
        <P Name="Src">8#out:1</P>
        <P Name="Points">[51, 0; 0, 35; 1, 0]</P>
        <Branch>
          <P Name="ZOrder">7</P>
          <P Name="Points">[0, 23; -307, 0]</P>
          <P Name="Dst">4#in:2</P>
        </Branch>
        <Branch>
          <P Name="ZOrder">6</P>
          <P Name="Dst">2#in:1</P>
        </Branch>
      </Line>
      <Line>
        <P Name="ZOrder">12</P>
        <P Name="Src">4#out:1</P>
        <P Name="Dst">7#in:1</P>
      </Line>
      <Line>
        <P Name="ZOrder">10</P>
        <P Name="Src">1#out:1</P>
        <P Name="Points">[21, 0]</P>
        <Branch>
          <P Name="ZOrder">30</P>
          <P Name="Points">[0, 167; -96, 0]</P>
          <Branch>
            <P Name="ZOrder">32</P>
            <P Name="Points">[0, 28]</P>
            <P Name="Dst">12#in:1</P>
          </Branch>
          <Branch>
            <P Name="ZOrder">31</P>
            <P Name="Points">[-1, 0; 0, -42]</P>
            <P Name="Dst">13#in:1</P>
          </Branch>
        </Branch>
        <Branch>
          <P Name="ZOrder">29</P>
          <P Name="Dst">4#in:1</P>
        </Branch>
      </Line>
      <Line>
        <P Name="ZOrder">15</P>
        <P Name="Src">7#out:1</P>
        <P Name="Dst">8#in:1</P>
      </Line>
      <Line>
        <P Name="ZOrder">18</P>
        <P Name="Src">21#out:1</P>
        <P Name="Dst">18#in:1</P>
      </Line>
      <Line>
        <P Name="ZOrder">19</P>
        <P Name="Src">20#out:1</P>
        <P Name="Dst">17#in:1</P>
      </Line>
      <Line>
        <P Name="ZOrder">20</P>
        <P Name="Src">11#out:1</P>
        <P Name="Points">[0, -5; 15, 0]</P>
        <Branch>
          <P Name="ZOrder">24</P>
          <P Name="Points">[0, -39; 170, 0; 0, -46]</P>
          <P Name="Dst">2#in:2</P>
        </Branch>
        <Branch>
          <P Name="ZOrder">23</P>
          <P Name="Points">[0, 20; 2, 0]</P>
          <Branch>
            <P Name="ZOrder">22</P>
            <P Name="Points">[0, 65]</P>
            <P Name="Dst">21#in:1</P>
          </Branch>
          <Branch>
            <P Name="ZOrder">21</P>
            <P Name="Dst">20#in:1</P>
          </Branch>
        </Branch>
      </Line>
      <Line>
        <P Name="ZOrder">27</P>
        <P Name="Src">18#out:1</P>
        <P Name="Points">[9, 0; 0, 37; -203, 0; 0, -93]</P>
        <P Name="Dst">11#in:2</P>
      </Line>
      <Line>
        <P Name="ZOrder">28</P>
        <P Name="Src">17#out:1</P>
        <P Name="Points">[9, 0; 0, 39; -174, 0]</P>
        <P Name="Dst">11#in:3</P>
      </Line>
      <Line>
        <P Name="ZOrder">33</P>
        <P Name="Src">13#out:1</P>
        <P Name="Dst">15#in:1</P>
      </Line>
      <Line>
        <P Name="ZOrder">34</P>
        <P Name="Src">12#out:1</P>
        <P Name="Points">[23, 0; 0, -10]</P>
        <P Name="Dst">16#in:1</P>
      </Line>
      <Line>
        <P Name="ZOrder">35</P>
        <P Name="Src">15#out:1</P>
        <P Name="Points">[25, 0; 0, 15]</P>
        <P Name="Dst">10#in:1</P>
      </Line>
      <Line>
        <P Name="ZOrder">36</P>
        <P Name="Src">16#out:1</P>
        <P Name="Points">[65, 0]</P>
        <P Name="Dst">10#in:2</P>
      </Line>
      <Line>
        <P Name="ZOrder">37</P>
        <P Name="Src">10#out:1</P>
        <P Name="Points">[28, 0; 0, -4]</P>
        <P Name="Dst">11#in:1</P>
      </Line>
    </System>
  </Model>
</ModelInformation>
