<?xml version="1.0" encoding="utf-8"?>
<ModelInformation Version="1.0">
  <Model>
    <P Name="SavedCharacterEncoding"></P>
    <Object PropName="HDLParams" ObjectID="1" ClassName="slprops.hdlmdlprops">
      <Array PropName="mdlProps" Type="Cell" Dimension="1*2">
        <Cell Class="char">HDLSubsystem</Cell>
        <Cell Class="char">untitled</Cell>
      </Array>
    </Object>
    <P Name="ScopeRefreshTime">0.035000</P>
    <P Name="OverrideScopeRefreshTime">on</P>
    <P Name="DisableAllScopes">on</P>
    <P Name="DataTypeOverride">UseLocalSettings</P>
    <P Name="DataTypeOverrideAppliesTo">AllNumericTypes</P>
    <P Name="MinMaxOverflowLogging">UseLocalSettings</P>
    <P Name="MinMaxOverflowArchiveMode">Overwrite</P>
    <P Name="FPTRunName">Run 1</P>
    <P Name="MaxMDLFileLineLength">120</P>
    <Object PropName="BdWindowsInfo" ObjectID="2" ClassName="Simulink.BDWindowsInfo">
      <Object PropName="WindowsInfo" ObjectID="3" ClassName="Simulink.WindowInfo">
        <P Name="IsActive" Class="logical">1</P>
        <P Name="Location" Class="double">[60.0, 42.0, 820.0, 634.0]</P>
        <Object PropName="ModelBrowserInfo" ObjectID="4" ClassName="Simulink.ModelBrowserInfo">
          <P Name="Visible" Class="logical">0</P>
          <P Name="DockPosition" Class="char">Left</P>
          <P Name="Width" Class="int32">50</P>
          <P Name="Height" Class="int32">50</P>
          <P Name="Filter" Class="int32">8</P>
        </Object>
        <Object PropName="ExplorerBarInfo" ObjectID="5" ClassName="Simulink.ExplorerBarInfo">
          <P Name="Visible" Class="logical">0</P>
        </Object>
        <Object PropName="EditorsInfo" ObjectID="6" ClassName="Simulink.EditorInfo">
          <P Name="IsActive" Class="logical">1</P>
          <P Name="ViewObjType" Class="char">SimulinkTopLevel</P>
          <P Name="LoadSaveID" Class="char">0</P>
          <P Name="Extents" Class="double">[764.0, 473.0]</P>
          <P Name="ZoomFactor" Class="double">1.0</P>
          <P Name="Offset" Class="double">[0.0, -25.517062097787857]</P>
        </Object>
      </Object>
    </Object>
    <ConfigManagerSettings>
      <P Name="UpdateHistory">UpdateHistoryNever</P>
      <P Name="ModifiedByFormat">%&lt;Auto&gt;</P>
      <P Name="ModifiedDateFormat">%&lt;Auto&gt;</P>
      <P Name="RTWModifiedTimeStamp">394049358</P>
      <P Name="ModelVersionFormat">1.%&lt;AutoIncrement: 0 &gt;</P>
    </ConfigManagerSettings>
    <EditorSettings>
      <P Name="SampleTimeColors">off</P>
      <P Name="SampleTimeAnnotations">off</P>
      <P Name="LibraryLinkDisplay">disabled</P>
      <P Name="WideLines">off</P>
      <P Name="ShowLineDimensions">off</P>
      <P Name="ShowPortDataTypes">off</P>
      <P Name="ShowDesignRanges">off</P>
      <P Name="ShowLoopsOnError">on</P>
      <P Name="IgnoreBidirectionalLines">off</P>
      <P Name="ShowStorageClass">off</P>
      <P Name="ShowTestPointIcons">on</P>
      <P Name="ShowSignalResolutionIcons">on</P>
      <P Name="ShowViewerIcons">on</P>
      <P Name="SortedOrder">off</P>
      <P Name="ExecutionContextIcon">off</P>
      <P Name="ShowLinearizationAnnotations">on</P>
      <P Name="ShowMarkup">on</P>
      <P Name="BlockNameDataTip">off</P>
      <P Name="BlockParametersDataTip">off</P>
      <P Name="BlockDescriptionStringDataTip">off</P>
      <P Name="ToolBar">on</P>
      <P Name="StatusBar">on</P>
      <P Name="BrowserShowLibraryLinks">off</P>
      <P Name="BrowserLookUnderMasks">off</P>
    </EditorSettings>
    <SimulationSettings>
      <P Name="SimulationMode">normal</P>
      <P Name="PauseTimes">5</P>
      <P Name="NumberOfSteps">1</P>
      <P Name="SnapshotBufferSize">10</P>
      <P Name="SnapshotInterval">10</P>
      <P Name="NumberOfLastSnapshots">0</P>
      <P Name="LinearizationMsg">none</P>
      <P Name="Profile">off</P>
      <P Name="ParamWorkspaceSource">MATLABWorkspace</P>
      <P Name="AccelSystemTargetFile">accel.tlc</P>
      <P Name="AccelTemplateMakefile">accel_default_tmf</P>
      <P Name="AccelMakeCommand">make_rtw</P>
      <P Name="TryForcingSFcnDF">off</P>
      <Object PropName="DataLoggingOverride" ObjectID="7" ClassName="Simulink.SimulationData.ModelLoggingInfo">
        <P Name="model_" Class="char">untitled</P>
        <P Name="overrideMode_" Class="uint32">0U</P>
        <Array PropName="logAsSpecifiedByModels_" Type="Cell" Dimension="1*1">
          <Cell Class="char">untitled</Cell>
        </Array>
        <Array PropName="logAsSpecifiedByModelsSSIDs_" Type="Cell" Dimension="1*1">
          <Cell Class="double">[]</Cell>
        </Array>
      </Object>
      <Object PropName="InstrumentedSignals" ObjectID="8" ClassName="Simulink.HMI.InstrumentedSignals">
        <Array PropName="Persistence" Type="Struct" Dimension="2*1">
          <MATStruct>
            <Field Name="UUID" Class="char">7a9ae4f5-ba92-446c-a148-39187ac7ae1c</Field>
            <Field Name="BlockPath_" Class="char">Transfer Fcn</Field>
            <Field Name="SID_" Class="char">3</Field>
            <Field Name="SubPath_" Class="char"></Field>
            <Field Name="OutputPortIndex_" Class="double">1.0</Field>
            <Field Name="SignalName_" Class="char"></Field>
            <Field Name="SubSysPath_" Class="char"></Field>
            <Field Name="Decimation_" Class="double">1.0</Field>
            <Field Name="MaxPoints_" Class="double">1024.0</Field>
          </MATStruct>
          <MATStruct>
            <Field Name="UUID" Class="char">42befb0e-3981-4f0f-9a29-2487461cb4bd</Field>
            <Field Name="BlockPath_" Class="char">Sum</Field>
            <Field Name="SID_" Class="char">7</Field>
            <Field Name="SubPath_" Class="char"></Field>
            <Field Name="OutputPortIndex_" Class="double">1.0</Field>
            <Field Name="SignalName_" Class="char"></Field>
            <Field Name="SubSysPath_" Class="char"></Field>
            <Field Name="Decimation_" Class="double">1.0</Field>
            <Field Name="MaxPoints_" Class="double">1024.0</Field>
          </MATStruct>
        </Array>
      </Object>
    </SimulationSettings>
    <Verification>
      <P Name="RecordCoverage">off</P>
      <P Name="CovPath">/</P>
      <P Name="CovSaveName">covdata</P>
      <P Name="CovMetricSettings">dw</P>
      <P Name="CovNameIncrementing">off</P>
      <P Name="CovHtmlReporting">on</P>
      <P Name="CovForceBlockReductionOff">on</P>
      <P Name="CovEnableCumulative">on</P>
      <P Name="covSaveCumulativeToWorkspaceVar">on</P>
      <P Name="CovSaveSingleToWorkspaceVar">on</P>
      <P Name="CovCumulativeVarName">covCumulativeData</P>
      <P Name="CovCumulativeReport">off</P>
      <P Name="CovReportOnPause">on</P>
      <P Name="CovModelRefEnable">Off</P>
      <P Name="CovExternalEMLEnable">off</P>
      <P Name="CovSFcnEnable">on</P>
      <P Name="CovBoundaryAbsTol">0.000010</P>
      <P Name="CovBoundaryRelTol">0.010000</P>
      <P Name="CovUseTimeInterval">off</P>
      <P Name="CovStartTime">0</P>
      <P Name="CovStopTime">0</P>
    </Verification>
    <ExternalMode>
      <P Name="ExtModeBatchMode">off</P>
      <P Name="ExtModeEnableFloating">on</P>
      <P Name="ExtModeTrigType">manual</P>
      <P Name="ExtModeTrigMode">normal</P>
      <P Name="ExtModeTrigPort">1</P>
      <P Name="ExtModeTrigElement">any</P>
      <P Name="ExtModeTrigDuration">1000</P>
      <P Name="ExtModeTrigDurationFloating">auto</P>
      <P Name="ExtModeTrigHoldOff">0</P>
      <P Name="ExtModeTrigDelay">0</P>
      <P Name="ExtModeTrigDirection">rising</P>
      <P Name="ExtModeTrigLevel">0</P>
      <P Name="ExtModeArchiveMode">off</P>
      <P Name="ExtModeAutoIncOneShot">off</P>
      <P Name="ExtModeIncDirWhenArm">off</P>
      <P Name="ExtModeAddSuffixToVar">off</P>
      <P Name="ExtModeWriteAllDataToWs">off</P>
      <P Name="ExtModeArmWhenConnect">on</P>
      <P Name="ExtModeSkipDownloadWhenConnect">off</P>
      <P Name="ExtModeLogAll">on</P>
      <P Name="ExtModeAutoUpdateStatusClock">on</P>
    </ExternalMode>
    <ModelReferenceSettings>
      <P Name="ShowModelReferenceBlockVersion">off</P>
      <P Name="ShowModelReferenceBlockIO">off</P>
    </ModelReferenceSettings>
    <ConcurrentExecutionSettings>
      <Object PropName="DataTransfer" ObjectID="9" ClassName="Simulink.GlobalDataTransfer">
        <P Name="DefaultTransitionBetweenSyncTasks" Class="char">Ensure deterministic transfer (maximum delay)</P>
        <P Name="DefaultTransitionBetweenAsyncTasks" Class="char">Ensure data integrity only</P>
        <P Name="DefaultTransitionBetweenContTasks" Class="char">Ensure deterministic transfer (minimum delay)</P>
        <P Name="DefaultExtrapolationMethodBetweenContTasks" Class="char">None</P>
        <P Name="AutoInsertRateTranBlk" Class="logical">0</P>
      </Object>
      <P Name="ExplicitPartitioning">off</P>
    </ConcurrentExecutionSettings>
    <SystemDefaults>
      <P Name="PaperOrientation">landscape</P>
      <P Name="PaperPositionMode">auto</P>
      <P Name="PaperType">usletter</P>
      <P Name="PaperUnits">inches</P>
      <P Name="TiledPaperMargins">[0.500000, 0.500000, 0.500000, 0.500000]</P>
      <P Name="TiledPageScale">1</P>
      <P Name="ShowPageBoundaries">off</P>
      <P Name="ModelBrowserVisibility">off</P>
      <P Name="ModelBrowserWidth">200</P>
      <P Name="ScreenColor">white</P>
    </SystemDefaults>
    <BlockDefaults>
      <P Name="ForegroundColor">black</P>
      <P Name="BackgroundColor">white</P>
      <P Name="DropShadow">off</P>
      <P Name="NamePlacement">normal</P>
      <P Name="FontName">Helvetica</P>
      <P Name="FontSize">10</P>
      <P Name="FontWeight">normal</P>
      <P Name="FontAngle">normal</P>
      <P Name="ShowName">on</P>
      <P Name="BlockRotation">0</P>
      <P Name="BlockMirror">off</P>
    </BlockDefaults>
    <AnnotationDefaults>
      <P Name="HorizontalAlignment">center</P>
      <P Name="VerticalAlignment">middle</P>
      <P Name="ForegroundColor">black</P>
      <P Name="BackgroundColor">white</P>
      <P Name="DropShadow">off</P>
      <P Name="FontName">Helvetica</P>
      <P Name="FontSize">10</P>
      <P Name="FontWeight">normal</P>
      <P Name="FontAngle">normal</P>
      <P Name="UseDisplayTextAsClickCallback">off</P>
    </AnnotationDefaults>
    <LineDefaults>
      <P Name="FontName">Helvetica</P>
      <P Name="FontSize">9</P>
      <P Name="FontWeight">normal</P>
      <P Name="FontAngle">normal</P>
    </LineDefaults>
    <MaskDefaults>
      <P Name="SelfModifiable">off</P>
      <P Name="IconFrame">on</P>
      <P Name="IconOpaque">on</P>
      <P Name="RunInitForIconRedraw">off</P>
      <P Name="IconRotate">none</P>
      <P Name="PortRotate">default</P>
      <P Name="IconUnits">autoscale</P>
    </MaskDefaults>
    <MaskParameterDefaults>
      <P Name="Evaluate">on</P>
      <P Name="Tunable">on</P>
      <P Name="NeverSave">off</P>
      <P Name="Internal">off</P>
      <P Name="ReadOnly">off</P>
      <P Name="Enabled">on</P>
      <P Name="Visible">on</P>
      <P Name="ToolTip">on</P>
    </MaskParameterDefaults>
    <BlockParameterDefaults>
      <Block BlockType="DiscreteTransferFcn">
        <P Name="NumeratorSource">Dialog</P>
        <P Name="Numerator">[1]</P>
        <P Name="DenominatorSource">Dialog</P>
        <P Name="Denominator">[1 0.5]</P>
        <P Name="InitialStatesSource">Dialog</P>
        <P Name="InitialStates">0</P>
        <P Name="InputProcessing">Elements as channels (sample based)</P>
        <P Name="ExternalReset">None</P>
        <P Name="InitialDenominatorStates">0</P>
        <P Name="FilterStructure">Direct form II</P>
        <P Name="SampleTime">-1</P>
        <P Name="a0EqualsOne">off</P>
        <P Name="NumCoefMin">[]</P>
        <P Name="NumCoefMax">[]</P>
        <P Name="DenCoefMin">[]</P>
        <P Name="DenCoefMax">[]</P>
        <P Name="OutMin">[]</P>
        <P Name="OutMax">[]</P>
        <P Name="StateDataTypeStr">Inherit: Same as input</P>
        <P Name="MultiplicandDataTypeStr">Inherit: Same as input</P>
        <P Name="NumCoefDataTypeStr">Inherit: Inherit via internal rule</P>
        <P Name="DenCoefDataTypeStr">Inherit: Inherit via internal rule</P>
        <P Name="NumProductDataTypeStr">Inherit: Inherit via internal rule</P>
        <P Name="DenProductDataTypeStr">Inherit: Inherit via internal rule</P>
        <P Name="NumAccumDataTypeStr">Inherit: Inherit via internal rule</P>
        <P Name="DenAccumDataTypeStr">Inherit: Inherit via internal rule</P>
        <P Name="OutDataTypeStr">Inherit: Inherit via internal rule</P>
        <P Name="LockScale">off</P>
        <P Name="RndMeth">Floor</P>
        <P Name="SaturateOnIntegerOverflow">off</P>
        <P Name="StateMustResolveToSignalObject">off</P>
        <P Name="RTWStateStorageClass">Auto</P>
      </Block>
      <Block BlockType="Mux">
        <P Name="Inputs">4</P>
        <P Name="DisplayOption">none</P>
        <P Name="UseBusObject">off</P>
        <P Name="BusObject">BusObject</P>
        <P Name="NonVirtualBus">off</P>
      </Block>
      <Block BlockType="Scope">
        <P Name="ModelBased">off</P>
        <P Name="TickLabels">OneTimeTick</P>
        <P Name="ZoomMode">on</P>
        <P Name="Grid">on</P>
        <P Name="ShowLegends">off</P>
        <P Name="TimeRange">auto</P>
        <P Name="YMin">-5</P>
        <P Name="YMax">5</P>
        <P Name="SaveToWorkspace">off</P>
        <P Name="SaveName">ScopeData</P>
        <P Name="DataFormat">Array</P>
        <P Name="LimitDataPoints">on</P>
        <P Name="MaxDataPoints">5000</P>
        <P Name="Decimation">1</P>
        <P Name="SampleInput">off</P>
        <P Name="SampleTime">-1</P>
        <P Name="ScrollMode">off</P>
      </Block>
      <Block BlockType="Step">
        <P Name="Time">1</P>
        <P Name="Before">0</P>
        <P Name="After">1</P>
        <P Name="SampleTime">-1</P>
        <P Name="VectorParams1D">on</P>
        <P Name="ZeroCross">on</P>
      </Block>
      <Block BlockType="Sum">
        <P Name="IconShape">rectangular</P>
        <P Name="Inputs">++</P>
        <P Name="CollapseMode">All dimensions</P>
        <P Name="CollapseDim">1</P>
        <P Name="InputSameDT">on</P>
        <P Name="AccumDataTypeStr">Inherit: Inherit via internal rule</P>
        <P Name="OutMin">[]</P>
        <P Name="OutMax">[]</P>
        <P Name="OutDataTypeStr">Inherit: Same as first input</P>
        <P Name="LockScale">off</P>
        <P Name="RndMeth">Floor</P>
        <P Name="SaturateOnIntegerOverflow">on</P>
        <P Name="SampleTime">-1</P>
      </Block>
      <Block BlockType="TransferFcn">
        <P Name="Numerator">[1]</P>
        <P Name="Denominator">[1 2 1]</P>
        <P Name="AbsoluteTolerance">auto</P>
        <P Name="ContinuousStateAttributes">&apos;&apos;</P>
        <P Name="Realization">auto</P>
      </Block>
      <Block BlockType="ZeroOrderHold">
        <P Name="SampleTime">1</P>
      </Block>
    </BlockParameterDefaults>
    <System>
      <P Name="Location">[60, 42, 880, 676]</P>
      <P Name="Open">on</P>
      <P Name="TiledPaperMargins">[0.500000, 0.500000, 0.500000, 0.500000]</P>
      <P Name="ZoomFactor">100</P>
      <P Name="ReportName">simulink-default.rpt</P>
      <P Name="SIDHighWatermark">9</P>
      <Block BlockType="DiscreteTransferFcn" Name="Discrete&#xA;Transfer Fcn" SID="2">
        <P Name="Ports">[1, 1]</P>
        <P Name="Position">[305, 172, 365, 208]</P>
        <P Name="ZOrder">2</P>
        <P Name="InputPortMap">u0</P>
        <P Name="Numerator">[1 -.214]</P>
        <P Name="Denominator">[1 -.607]</P>
        <P Name="SampleTime">.5</P>
      </Block>
      <Block BlockType="Mux" Name="Mux" SID="6">
        <P Name="Ports">[2, 1]</P>
        <P Name="Position">[575, 111, 580, 149]</P>
        <P Name="ZOrder">6</P>
        <P Name="ShowName">off</P>
        <P Name="Inputs">2</P>
        <P Name="DisplayOption">bar</P>
      </Block>
      <Block BlockType="Scope" Name="Scope" SID="5">
        <P Name="Ports">[1]</P>
        <P Name="Position">[620, 114, 650, 146]</P>
        <P Name="ZOrder">5</P>
        <P Name="Floating">off</P>
        <P Name="Location">[188, 365, 512, 604]</P>
        <P Name="Open">on</P>
        <P Name="NumInputPorts">1</P>
        <List ListType="AxesTitles">
          <P Name="axes1">%&lt;SignalLabel&gt;</P>
        </List>
        <List ListType="ScopeGraphics">
          <P Name="FigureColor">[0.5 0.5 0.5]</P>
          <P Name="AxesColor">[0 0 0]</P>
          <P Name="AxesTickColor">[1 1 1]</P>
          <P Name="LineColors">[1 1 0;1 0 1;0 1 1;1 0 0;0 1 0;0 0 1]</P>
          <P Name="LineStyles">-|-|-|-|-|-</P>
          <P Name="LineWidths">[0.5 0.5 0.5 0.5 0.5 0.5]</P>
          <P Name="MarkerStyles">none|none|none|none|none|none</P>
        </List>
      </Block>
      <Block BlockType="Step" Name="Step" SID="4">
        <P Name="Position">[80, 45, 110, 75]</P>
        <P Name="ZOrder">4</P>
        <P Name="Time">0</P>
        <P Name="SampleTime">0</P>
      </Block>
      <Block BlockType="Sum" Name="Sum" SID="7">
        <P Name="Ports">[2, 1]</P>
        <P Name="Position">[170, 50, 190, 70]</P>
        <P Name="ZOrder">7</P>
        <P Name="ShowName">off</P>
        <P Name="IconShape">round</P>
        <P Name="Inputs">|+-</P>
        <P Name="InputSameDT">off</P>
        <P Name="OutDataTypeStr">Inherit: Inherit via internal rule</P>
        <P Name="SaturateOnIntegerOverflow">off</P>
      </Block>
      <Block BlockType="Sum" Name="Sum1" SID="8">
        <P Name="Ports">[2, 1]</P>
        <P Name="Position">[210, 180, 230, 200]</P>
        <P Name="ZOrder">8</P>
        <P Name="ShowName">off</P>
        <P Name="IconShape">round</P>
        <P Name="Inputs">|+-</P>
        <P Name="InputSameDT">off</P>
        <P Name="OutDataTypeStr">Inherit: Inherit via internal rule</P>
        <P Name="SaturateOnIntegerOverflow">off</P>
      </Block>
      <Block BlockType="TransferFcn" Name="Transfer Fcn" SID="3">
        <P Name="Position">[330, 42, 390, 78]</P>
        <P Name="ZOrder">3</P>
        <P Name="Numerator">[1 2]</P>
        <P Name="Denominator">[1 1]</P>
      </Block>
      <Block BlockType="ZeroOrderHold" Name="Zero-Order&#xA;Hold" SID="1">
        <P Name="Position">[240, 45, 275, 75]</P>
        <P Name="ZOrder">1</P>
        <P Name="SampleTime">.5</P>
      </Block>
      <Line>
        <P Name="ZOrder">2</P>
        <P Name="Src">6#out:1</P>
        <P Name="Dst">5#in:1</P>
      </Line>
      <Line>
        <P Name="ZOrder">4</P>
        <P Name="Src">2#out:1</P>
        <P Name="Points">[65, 0]</P>
        <Branch>
          <P Name="ZOrder">84</P>
          <P Name="Points">[0, 58; -215, 0]</P>
          <P Name="Dst">8#in:2</P>
        </Branch>
        <Branch>
          <P Name="ZOrder">83</P>
          <P Name="Points">[0, -50]</P>
          <P Name="Dst">6#in:2</P>
        </Branch>
      </Line>
      <Line>
        <P Name="ZOrder">17</P>
        <P Name="Src">8#out:1</P>
        <P Name="Dst">2#in:1</P>
      </Line>
      <Line>
        <P Name="ZOrder">52</P>
        <P Name="Src">4#out:1</P>
        <P Name="Points">[40, 0]</P>
        <Branch>
          <P Name="ZOrder">55</P>
          <P Name="Dst">7#in:1</P>
        </Branch>
        <Branch>
          <P Name="ZOrder">54</P>
          <P Name="Points">[0, 130]</P>
          <P Name="Dst">8#in:1</P>
        </Branch>
      </Line>
      <Line>
        <P Name="ZOrder">44</P>
        <P Name="Src">7#out:1</P>
        <P Name="Dst">1#in:1</P>
      </Line>
      <Line>
        <P Name="ZOrder">46</P>
        <P Name="Src">1#out:1</P>
        <P Name="Dst">3#in:1</P>
      </Line>
      <Line>
        <P Name="ZOrder">41</P>
        <P Name="Src">3#out:1</P>
        <P Name="Points">[81, 0; 0, 55]</P>
        <Branch>
          <P Name="ZOrder">82</P>
          <P Name="Points">[-296, 0]</P>
          <P Name="Dst">7#in:2</P>
        </Branch>
        <Branch>
          <P Name="ZOrder">81</P>
          <P Name="Points">[0, 5]</P>
          <P Name="Dst">6#in:1</P>
        </Branch>
      </Line>
    </System>
  </Model>
</ModelInformation>
